lat :, 3540.54850 , log :, 13922.21360,
lat :, 3540.54561 , log :, 13922.21329,
lat :, 3540.54413 , log :, 13922.21323,
lat :, 3540.54290 , log :, 13922.21321,
lat :, 3540.54235 , log :, 13922.21303,
lat :,  , log :, ,
lat :,  , log :, ,
lat :,  , log :, ,
lat :,  , log :, ,
lat :,  , log :, ,
lat :,  , log :, ,
lat :,  , log :, ,
lat :,  , log :, ,
lat :,  , log :, ,
lat :,  , log :, ,
lat :,  , log :, ,
lat :,  , log :, ,
lat :,  , log :, ,
lat :,  , log :, ,
lat :,  , log :, ,
lat :,  , log :, ,
lat :,  , log :, ,
lat :,  , log :, ,
lat :,  , log :, ,
lat :, 3540.54526 , log :, 13922.20350,
lat :, 3540.54420 , log :, 13922.20545,
lat :, 3540.54383 , log :, 13922.20596,
lat :, 3540.54291 , log :, 13922.20599,
lat :,  , log :, ,
lat :,  , log :, ,
lat :,  , log :, ,
lat :,  , log :, ,
lat :,  , log :, ,
lat :,  , log :, ,
lat :,  , log :, ,
lat :,  , log :, ,
lat :,  , log :, ,
lat :,  , log :, ,
lat :,  , log :, ,
lat :,  , log :, ,
lat :,  , log :, ,
lat :,  , log :, ,
lat :,  , log :, ,
lat :,  , log :, ,
lat :,  , log :, ,
lat :,  , log :, ,
lat :,  , log :, ,
lat :,  , log :, ,
lat :,  , log :, ,
lat :,  , log :, ,
lat :,  , log :, ,
lat :,  , log :, ,
lat :,  , log :, ,
lat :,  , log :, ,
lat :,  , log :, ,
lat :,  , log :, ,
lat :,  , log :, ,
lat :,  , log :, ,
lat :,  , log :, ,
lat :,  , log :, ,
lat :,  , log :, ,
lat :,  , log :, ,
lat :,  , log :, ,
lat :,  , log :, ,
lat :,  , log :, ,
lat :, 3540.52568 , log :, 13922.20985,
lat :,  , log :, ,
lat :,  , log :, ,
lat :,  , log :, ,
lat :,  , log :, ,
lat :,  , log :, ,
lat :, 3540.52309 , log :, 13922.21319,
lat :,  , log :, ,
lat :,  , log :, ,
lat :,  , log :, ,
lat :,  , log :, ,
lat :, 3540.52518 , log :, 13922.21232,
lat :, 3540.52548 , log :, 13922.21307,
lat :, 3540.52591 , log :, 13922.21436,
lat :, 3540.52582 , log :, 13922.21436,
lat :, 3540.52664 , log :, 13922.21362,
lat :, 3540.52608 , log :, 13922.21580,
lat :, 3540.52585 , log :, 13922.21610,
lat :,  , log :, ,
lat :,  , log :, ,
lat :,  , log :, ,
lat :,  , log :, ,
lat :,  , log :, ,
lat :,  , log :, ,
lat :,  , log :, ,
lat :,  , log :, ,
lat :,  , log :, ,
lat :,  , log :, ,
lat :,  , log :, ,
lat :,  , log :, ,
lat :,  , log :, ,
lat :,  , log :, ,
lat :,  , log :, ,
lat :,  , log :, ,
lat :,  , log :, ,
lat :,  , log :, ,
lat :,  , log :, ,
lat :,  , log :, ,
lat :,  , log :, ,
lat :,  , log :, ,
lat :,  , log :, ,
lat :,  , log :, ,
lat :,  , log :, ,
lat :,  , log :, ,
lat :,  , log :, ,
lat :,  , log :, ,
lat :,  , log :, ,
lat :,  , log :, ,
lat :,  , log :, ,
lat :,  , log :, ,
lat :,  , log :, ,
lat :,  , log :, ,
lat :,  , log :, ,
lat :,  , log :, ,
lat :,  , log :, ,
lat :,  , log :, ,
lat :,  , log :, ,
lat :,  , log :, ,
lat :,  , log :, ,
lat :,  , log :, ,
lat :,  , log :, ,
lat :,  , log :, ,
lat :, 3540.50626 , log :, 13922.24202,
lat :, 3540.50570 , log :, 13922.24336,
lat :, 3540.50534 , log :, 13922.24548,
lat :, 3540.50518 , log :, 13922.24696,
lat :, 3540.50481 , log :, 13922.24720,
lat :, 3540.50468 , log :, 13922.24862,
lat :, 3540.50427 , log :, 13922.24985,
lat :, 3540.50360 , log :, 13922.25127,
lat :, 3540.50311 , log :, 13922.25266,
lat :, 3540.50274 , log :, 13922.25407,
lat :, 3540.50224 , log :, 13922.25447,
lat :, 3540.50189 , log :, 13922.25528,
lat :, 3540.50163 , log :, 13922.25623,
lat :, 3540.50135 , log :, 13922.25681,
lat :, 3540.50110 , log :, 13922.25808,
lat :, 3540.50082 , log :, 13922.25911,
lat :, 3540.50033 , log :, 13922.26047,
lat :,  , log :, ,
lat :,  , log :, ,
lat :,  , log :, ,
lat :,  , log :, ,
lat :,  , log :, ,
lat :,  , log :, ,
lat :,  , log :, ,
lat :,  , log :, ,
lat :,  , log :, ,
lat :,  , log :, ,
lat :,  , log :, ,
lat :,  , log :, ,
lat :,  , log :, ,
lat :,  , log :, ,
lat :,  , log :, ,
lat :,  , log :, ,
lat :,  , log :, ,
lat :, 3540.49613 , log :, 13922.27310,
lat :, 3540.49747 , log :, 13922.27426,
lat :, 3540.49827 , log :, 13922.27593,
lat :, 3540.49847 , log :, 13922.27754,
lat :,  , log :, ,
lat :, 3540.49990 , log :, 13922.27854,
lat :,  , log :, ,
lat :,  , log :, ,
lat :,  , log :, ,
lat :,  , log :, ,
lat :,  , log :, ,
lat :,  , log :, ,
lat :,  , log :, ,
lat :,  , log :, ,
lat :,  , log :, ,
lat :,  , log :, ,
lat :,  , log :, ,
lat :,  , log :, ,
lat :,  , log :, ,
lat :,  , log :, ,
lat :,  , log :, ,
lat :,  , log :, ,
lat :,  , log :, ,
lat :,  , log :, ,
lat :,  , log :, ,
lat :,  , log :, ,
lat :,  , log :, ,
lat :,  , log :, ,
lat :,  , log :, ,
lat :,  , log :, ,
lat :,  , log :, ,
lat :,  , log :, ,
lat :,  , log :, ,
lat :,  , log :, ,
lat :,  , log :, ,
lat :,  , log :, ,
lat :,  , log :, ,
lat :,  , log :, ,
lat :,  , log :, ,
lat :,  , log :, ,
lat :,  , log :, ,
lat :,  , log :, ,
lat :,  , log :, ,
lat :,  , log :, ,
lat :,  , log :, ,
lat :,  , log :, ,
lat :,  , log :, ,
lat :,  , log :, ,
lat :,  , log :, ,
lat :,  , log :, ,
lat :,  , log :, ,
lat :,  , log :, ,
lat :,  , log :, ,
lat :,  , log :, ,
lat :,  , log :, ,
lat :,  , log :, ,
lat :,  , log :, ,
lat :,  , log :, ,
lat :,  , log :, ,
lat :,  , log :, ,
lat :,  , log :, ,
lat :,  , log :, ,
lat :,  , log :, ,
lat :,  , log :, ,
lat :,  , log :, ,
lat :,  , log :, ,
lat :,  , log :, ,
lat :,  , log :, ,
lat :,  , log :, ,
lat :,  , log :, ,
lat :,  , log :, ,
lat :,  , log :, ,
lat :, 3540.47696 , log :, 13922.30519,
lat :,  , log :, ,
lat :,  , log :, ,
lat :,  , log :, ,
lat :,  , log :, ,
lat :,  , log :, ,
lat :,  , log :, ,
lat :,  , log :, ,
lat :,  , log :, ,
lat :,  , log :, ,
lat :,  , log :, ,
lat :,  , log :, ,
lat :,  , log :, ,
lat :,  , log :, ,
lat :,  , log :, ,
lat :, 3540.45839 , log :, 13922.29955,
lat :, 3540.45706 , log :, 13922.29918,
lat :, 3540.45615 , log :, 13922.29902,
lat :, 3540.45675 , log :, 13922.29779,
lat :,  , log :, ,
lat :,  , log :, ,
lat :, 3540.45454 , log :, 13922.29592,
lat :, 3540.45453 , log :, 13922.29604,
lat :, 3540.45394 , log :, 13922.29578,
lat :, 3540.45306 , log :, 13922.29593,
lat :, 3540.45241 , log :, 13922.29630,
lat :, 3540.45035 , log :, 13922.29802,
lat :, 3540.44862 , log :, 13922.29864,
lat :, 3540.44709 , log :, 13922.29836,
lat :, 3540.44551 , log :, 13922.29816,
lat :, 3540.44431 , log :, 13922.29695,
lat :, 3540.44371 , log :, 13922.29613,
lat :, 3540.44346 , log :, 13922.29527,
lat :,  , log :, ,
lat :,  , log :, ,
lat :, 3540.44548 , log :, 13922.29060,
lat :,  , log :, ,
lat :,  , log :, ,
lat :,  , log :, ,
lat :,  , log :, ,
lat :, 3540.44229 , log :, 13922.28924,
lat :,  , log :, ,
lat :, 3540.44184 , log :, 13922.28795,
lat :, 3540.44202 , log :, 13922.28771,
lat :, 3540.44086 , log :, 13922.28710,
lat :, 3540.44072 , log :, 13922.28634,
lat :, 3540.44017 , log :, 13922.28628,
lat :,  , log :, ,
lat :,  , log :, ,
lat :,  , log :, ,
lat :,  , log :, ,
lat :,  , log :, ,
lat :, 3540.43085 , log :, 13922.28879,
lat :, 3540.42965 , log :, 13922.28888,
lat :, 3540.42949 , log :, 13922.28850,
lat :,  , log :, ,
lat :,  , log :, ,
lat :,  , log :, ,
lat :,  , log :, ,
lat :,  , log :, ,
lat :,  , log :, ,
lat :, 3540.41907 , log :, 13922.28892,
lat :,  , log :, ,
lat :,  , log :, ,
lat :,  , log :, ,
lat :, 3540.40829 , log :, 13922.29240,
lat :, 3540.40643 , log :, 13922.29279,
lat :, 3540.40345 , log :, 13922.29248,
lat :, 3540.40173 , log :, 13922.29300,
lat :, 3540.39996 , log :, 13922.29330,
lat :, 3540.39975 , log :, 13922.29271,
lat :,  , log :, ,
lat :,  , log :, ,
lat :,  , log :, ,
lat :,  , log :, ,
lat :,  , log :, ,
lat :, 3540.39252 , log :, 13922.29172,
lat :,  , log :, ,
lat :,  , log :, ,
lat :,  , log :, ,
lat :,  , log :, ,
lat :,  , log :, ,
lat :,  , log :, ,
lat :,  , log :, ,
lat :,  , log :, ,
lat :,  , log :, ,
lat :,  , log :, ,
lat :,  , log :, ,
lat :,  , log :, ,
lat :,  , log :, ,
lat :,  , log :, ,
lat :,  , log :, ,
lat :,  , log :, ,
lat :,  , log :, ,
lat :,  , log :, ,
lat :,  , log :, ,
lat :,  , log :, ,
lat :, 3540.40792 , log :, 13922.27599,
lat :, 3540.40745 , log :, 13922.27455,
lat :, 3540.40600 , log :, 13922.27214,
lat :, 3540.40611 , log :, 13922.27070,
lat :, 3540.40591 , log :, 13922.26986,
lat :,  , log :, ,
lat :, 3540.40556 , log :, 13922.26818,
lat :, 3540.40434 , log :, 13922.26670,
lat :,  , log :, ,
lat :,  , log :, ,
lat :,  , log :, ,
lat :,  , log :, ,
lat :, 3540.40244 , log :, 13922.26303,
lat :, 3540.40260 , log :, 13922.26211,
lat :, 3540.40226 , log :, 13922.26097,
lat :, 3540.40230 , log :, 13922.26015,
lat :, 3540.40166 , log :, 13922.25959,
lat :, 3540.40054 , log :, 13922.26025,
lat :, 3540.39991 , log :, 13922.25999,
lat :, 3540.39934 , log :, 13922.25929,
lat :, 3540.39806 , log :, 13922.25651,
lat :, 3540.39802 , log :, 13922.25682,
lat :, 3540.39724 , log :, 13922.25652,
lat :, 3540.39701 , log :, 13922.25646,
lat :, 3540.39715 , log :, 13922.25545,
lat :, 3540.39718 , log :, 13922.25472,
lat :,  , log :, ,
lat :,  , log :, ,
lat :, 3540.39456 , log :, 13922.25315,
lat :, 3540.39336 , log :, 13922.25276,
lat :, 3540.39271 , log :, 13922.25233,
lat :, 3540.39186 , log :, 13922.25175,
lat :, 3540.39165 , log :, 13922.25130,
lat :,  , log :, ,
lat :,  , log :, ,
lat :,  , log :, ,
lat :,  , log :, ,
lat :,  , log :, ,
lat :,  , log :, ,
lat :,  , log :, ,
lat :,  , log :, ,
lat :,  , log :, ,
lat :, 3540.38641 , log :, 13922.24642,
lat :,  , log :, ,
lat :,  , log :, ,
lat :,  , log :, ,
lat :,  , log :, ,
lat :,  , log :, ,
lat :,  , log :, ,
lat :,  , log :, ,
lat :,  , log :, ,
lat :,  , log :, ,
lat :,  , log :, ,
lat :,  , log :, ,
lat :,  , log :, ,
lat :,  , log :, ,
lat :,  , log :, ,
lat :,  , log :, ,
lat :,  , log :, ,
lat :,  , log :, ,
lat :,  , log :, ,
lat :,  , log :, ,
lat :,  , log :, ,
lat :,  , log :, ,
lat :, 3540.37157 , log :, 13922.23781,
lat :, 3540.37032 , log :, 13922.23697,
lat :,  , log :, ,
lat :,  , log :, ,
lat :,  , log :, ,
lat :,  , log :, ,
lat :, 3540.36655 , log :, 13922.23445,
lat :, 3540.36546 , log :, 13922.23410,
lat :, 3540.36441 , log :, 13922.23368,
lat :, 3540.36335 , log :, 13922.23273,
lat :, 3540.36297 , log :, 13922.23148,
lat :,  , log :, ,
lat :, 3540.36247 , log :, 13922.23068,
lat :, 3540.36220 , log :, 13922.23043,
lat :, 3540.36191 , log :, 13922.23040,
lat :, 3540.36184 , log :, 13922.23004,
lat :, 3540.36200 , log :, 13922.22918,
lat :,  , log :, ,
lat :,  , log :, ,
lat :,  , log :, ,
lat :,  , log :, ,
lat :,  , log :, ,
lat :, 3540.36142 , log :, 13922.22918,
lat :,  , log :, ,
lat :, 3540.35790 , log :, 13922.22810,
lat :, 3540.35776 , log :, 13922.22709,
lat :, 3540.35759 , log :, 13922.22704,
lat :,  , log :, ,
lat :,  , log :, ,
lat :,  , log :, ,
lat :, 3540.35548 , log :, 13922.22682,
lat :, 3540.35386 , log :, 13922.22714,
lat :,  , log :, ,
lat :, 3540.35289 , log :, 13922.22620,
lat :, 3540.35171 , log :, 13922.22506,
lat :, 3540.35113 , log :, 13922.22425,
lat :, 3540.35064 , log :, 13922.22374,
lat :, 3540.35023 , log :, 13922.22310,
lat :,  , log :, ,
lat :,  , log :, ,
lat :,  , log :, ,
lat :,  , log :, ,
lat :,  , log :, ,
lat :,  , log :, ,
lat :,  , log :, ,
lat :,  , log :, ,
lat :,  , log :, ,
lat :,  , log :, ,
lat :,  , log :, ,
lat :,  , log :, ,
lat :,  , log :, ,
lat :,  , log :, ,
lat :,  , log :, ,
lat :,  , log :, ,
lat :,  , log :, ,
lat :,  , log :, ,
lat :,  , log :, ,
lat :,  , log :, ,
lat :,  , log :, ,
lat :,  , log :, ,
lat :,  , log :, ,
lat :,  , log :, ,
lat :,  , log :, ,
lat :,  , log :, ,
lat :,  , log :, ,
lat :,  , log :, ,
lat :,  , log :, ,
lat :,  , log :, ,
lat :,  , log :, ,
lat :,  , log :, ,
lat :,  , log :, ,
lat :,  , log :, ,
lat :,  , log :, ,
lat :,  , log :, ,
lat :,  , log :, ,
lat :,  , log :, ,
lat :,  , log :, ,
lat :,  , log :, ,
lat :,  , log :, ,
lat :,  , log :, ,
lat :,  , log :, ,
lat :,  , log :, ,
lat :,  , log :, ,
lat :,  , log :, ,
lat :,  , log :, ,
lat :,  , log :, ,
lat :,  , log :, ,
lat :,  , log :, ,
lat :,  , log :, ,
lat :,  , log :, ,
lat :,  , log :, ,
lat :,  , log :, ,
lat :,  , log :, ,
lat :,  , log :, ,
lat :,  , log :, ,
lat :,  , log :, ,
lat :,  , log :, ,
lat :,  , log :, ,
lat :,  , log :, ,
lat :,  , log :, ,
lat :,  , log :, ,
lat :,  , log :, ,
lat :,  , log :, ,
lat :,  , log :, ,
lat :,  , log :, ,
lat :,  , log :, ,
lat :, 3540.30705 , log :, 13922.19501,
lat :, 3540.30624 , log :, 13922.19427,
lat :, 3540.30530 , log :, 13922.19301,
lat :,  , log :, ,
lat :, 3540.29762 , log :, 13922.19776,
lat :, 3540.29512 , log :, 13922.19834,
lat :, 3540.29551 , log :, 13922.20008,
lat :, 3540.29495 , log :, 13922.20067,
lat :, 3540.29443 , log :, 13922.20128,
lat :, 3540.29467 , log :, 13922.20097,
lat :, 3540.29454 , log :, 13922.19947,
lat :, 3540.29552 , log :, 13922.19886,
lat :,  , log :, ,
lat :, 3540.29566 , log :, 13922.19742,
lat :, 3540.29505 , log :, 13922.19689,
lat :, 3540.29489 , log :, 13922.19660,
lat :, 3540.29370 , log :, 13922.19605,
lat :, 3540.29229 , log :, 13922.19531,
lat :, 3540.29251 , log :, 13922.19494,
lat :, 3540.29126 , log :, 13922.19469,
lat :, 3540.29152 , log :, 13922.19428,
lat :, 3540.29422 , log :, 13922.19241,
lat :, 3540.29437 , log :, 13922.19178,
lat :, 3540.29396 , log :, 13922.19141,
lat :, 3540.29374 , log :, 13922.19115,
lat :, 3540.29320 , log :, 13922.19034,
lat :, 3540.29359 , log :, 13922.18924,
lat :, 3540.29321 , log :, 13922.18864,
lat :, 3540.29310 , log :, 13922.18862,
lat :, 3540.29253 , log :, 13922.18815,
lat :, 3540.29192 , log :, 13922.18788,
lat :, 3540.29054 , log :, 13922.18802,
lat :, 3540.28976 , log :, 13922.18753,
lat :, 3540.28934 , log :, 13922.18762,
lat :,  , log :, ,
lat :,  , log :, ,
lat :,  , log :, ,
lat :, 3540.28768 , log :, 13922.18517,
lat :, 3540.28699 , log :, 13922.18475,
lat :, 3540.28639 , log :, 13922.18455,
lat :, 3540.28580 , log :, 13922.18422,
lat :, 3540.28501 , log :, 13922.18403,
lat :,  , log :, ,
lat :,  , log :, ,
lat :,  , log :, ,
lat :,  , log :, ,
lat :,  , log :, ,
lat :,  , log :, ,
lat :,  , log :, ,
lat :,  , log :, ,
lat :,  , log :, ,
lat :,  , log :, ,
lat :, 3540.27731 , log :, 13922.18011,
lat :, 3540.27690 , log :, 13922.17936,
lat :, 3540.27597 , log :, 13922.17934,
lat :, 3540.27354 , log :, 13922.17960,
lat :, 3540.27146 , log :, 13922.18001,
lat :,  , log :, ,
lat :,  , log :, ,
lat :,  , log :, ,
lat :,  , log :, ,
lat :, 3540.26271 , log :, 13922.17872,
lat :, 3540.26321 , log :, 13922.17833,
lat :, 3540.26216 , log :, 13922.17843,
lat :, 3540.26148 , log :, 13922.17794,
lat :, 3540.26064 , log :, 13922.17705,
lat :, 3540.26011 , log :, 13922.17666,
lat :, 3540.25967 , log :, 13922.17625,
lat :, 3540.25943 , log :, 13922.17570,
lat :, 3540.25935 , log :, 13922.17515,
lat :, 3540.25957 , log :, 13922.17560,
lat :,  , log :, ,
lat :,  , log :, ,
lat :,  , log :, ,
lat :,  , log :, ,
lat :, 3540.25709 , log :, 13922.17537,
lat :, 3540.25701 , log :, 13922.17489,
lat :, 3540.25684 , log :, 13922.17456,
lat :, 3540.25825 , log :, 13922.17397,
lat :,  , log :, ,
lat :,  , log :, ,
lat :, 3540.25734 , log :, 13922.17114,
lat :, 3540.25630 , log :, 13922.17033,
lat :, 3540.25477 , log :, 13922.17092,
lat :, 3540.25419 , log :, 13922.17053,
lat :,  , log :, ,
lat :, 3540.25148 , log :, 13922.16979,
lat :, 3540.24930 , log :, 13922.16938,
lat :, 3540.24855 , log :, 13922.16934,
lat :, 3540.24850 , log :, 13922.16860,
lat :, 3540.24788 , log :, 13922.16856,
lat :,  , log :, ,
lat :,  , log :, ,
lat :, 3540.24641 , log :, 13922.16636,
lat :, 3540.24545 , log :, 13922.16612,
lat :, 3540.24505 , log :, 13922.16586,
lat :, 3540.24472 , log :, 13922.16563,
lat :, 3540.24435 , log :, 13922.16519,
lat :, 3540.24408 , log :, 13922.16358,
lat :,  , log :, ,
lat :, 3540.24304 , log :, 13922.16260,
lat :, 3540.24250 , log :, 13922.16226,
lat :, 3540.24220 , log :, 13922.16199,
lat :, 3540.24227 , log :, 13922.16138,
lat :, 3540.24050 , log :, 13922.16098,
lat :, 3540.23992 , log :, 13922.16061,
lat :,  , log :, ,
lat :,  , log :, ,
lat :,  , log :, ,
lat :,  , log :, ,
lat :,  , log :, ,
lat :,  , log :, ,
lat :,  , log :, ,
lat :, 3540.22919 , log :, 13922.16153,
lat :, 3540.22846 , log :, 13922.16158,
lat :, 3540.22792 , log :, 13922.16180,
lat :, 3540.22728 , log :, 13922.16213,
lat :, 3540.22715 , log :, 13922.16129,
lat :, 3540.22657 , log :, 13922.16088,
lat :, 3540.22632 , log :, 13922.16032,
lat :, 3540.22609 , log :, 13922.15954,
lat :, 3540.22373 , log :, 13922.16114,
lat :, 3540.22074 , log :, 13922.16332,
lat :,  , log :, ,
lat :,  , log :, ,
lat :,  , log :, ,
lat :,  , log :, ,
lat :, 3540.22492 , log :, 13922.15450,
lat :,  , log :, ,
lat :,  , log :, ,
lat :,  , log :, ,
lat :,  , log :, ,
lat :,  , log :, ,
lat :, 3540.22187 , log :, 13922.15165,
lat :, 3540.22093 , log :, 13922.15157,
lat :, 3540.22065 , log :, 13922.15158,
lat :, 3540.22088 , log :, 13922.15066,
lat :, 3540.22071 , log :, 13922.14945,
lat :, 3540.22127 , log :, 13922.14799,
lat :,  , log :, ,
lat :,  , log :, ,
lat :,  , log :, ,
lat :,  , log :, ,
lat :,  , log :, ,
lat :,  , log :, ,
lat :,  , log :, ,
lat :,  , log :, ,
lat :,  , log :, ,
lat :,  , log :, ,
lat :,  , log :, ,
lat :,  , log :, ,
lat :,  , log :, ,
lat :,  , log :, ,
lat :,  , log :, ,
lat :,  , log :, ,
lat :,  , log :, ,
lat :,  , log :, ,
lat :,  , log :, ,
lat :,  , log :, ,
lat :,  , log :, ,
lat :,  , log :, ,
lat :,  , log :, ,
lat :,  , log :, ,
lat :,  , log :, ,
lat :,  , log :, ,
lat :,  , log :, ,
lat :,  , log :, ,
lat :,  , log :, ,
lat :,  , log :, ,
lat :,  , log :, ,
lat :,  , log :, ,
lat :, 3540.20569 , log :, 13922.14136,
lat :, 3540.20537 , log :, 13922.14009,
lat :, 3540.20429 , log :, 13922.13942,
lat :,  , log :, ,
lat :, 3540.20047 , log :, 13922.13858,
lat :,  , log :, ,
lat :, 3540.19983 , log :, 13922.13854,
lat :, 3540.20004 , log :, 13922.13825,
lat :, 3540.20023 , log :, 13922.13785,
lat :, 3540.20130 , log :, 13922.13792,
lat :,  , log :, ,
lat :,  , log :, ,
lat :, 3540.19969 , log :, 13922.13835,
lat :, 3540.19891 , log :, 13922.13741,
lat :, 3540.19805 , log :, 13922.13708,
lat :, 3540.19741 , log :, 13922.13636,
lat :, 3540.19602 , log :, 13922.13534,
lat :, 3540.19500 , log :, 13922.13456,
lat :, 3540.19343 , log :, 13922.13376,
lat :, 3540.19235 , log :, 13922.13294,
lat :,  , log :, ,
lat :,  , log :, ,
lat :, 3540.19014 , log :, 13922.13196,
lat :, 3540.18918 , log :, 13922.13151,
lat :, 3540.18833 , log :, 13922.13097,
lat :, 3540.18710 , log :, 13922.12988,
lat :,  , log :, ,
lat :, 3540.18613 , log :, 13922.12880,
lat :, 3540.18555 , log :, 13922.12811,
lat :, 3540.18493 , log :, 13922.12765,
lat :, 3540.18443 , log :, 13922.12667,
lat :, 3540.18401 , log :, 13922.12581,
lat :, 3540.18408 , log :, 13922.12475,
lat :, 3540.18390 , log :, 13922.12431,
lat :, 3540.18339 , log :, 13922.12365,
lat :,  , log :, ,
lat :,  , log :, ,
lat :,  , log :, ,
lat :, 3540.17986 , log :, 13922.12158,
lat :, 3540.17912 , log :, 13922.12097,
lat :, 3540.17868 , log :, 13922.12083,
lat :, 3540.17766 , log :, 13922.12072,
lat :,  , log :, ,
lat :,  , log :, ,
lat :,  , log :, ,
lat :,  , log :, ,
lat :,  , log :, ,
lat :,  , log :, ,
lat :,  , log :, ,
lat :,  , log :, ,
lat :,  , log :, ,
lat :,  , log :, ,
lat :,  , log :, ,
lat :,  , log :, ,
lat :,  , log :, ,
lat :,  , log :, ,
lat :,  , log :, ,
lat :,  , log :, ,
lat :,  , log :, ,
lat :, 3540.16909 , log :, 13922.11706,
lat :,  , log :, ,
lat :,  , log :, ,
lat :, 3540.16940 , log :, 13922.11659,
lat :,  , log :, ,
lat :, 3540.16913 , log :, 13922.11594,
lat :, 3540.16894 , log :, 13922.11564,
lat :, 3540.16973 , log :, 13922.11518,
lat :, 3540.17000 , log :, 13922.11437,
lat :,  , log :, ,
lat :,  , log :, ,
lat :,  , log :, ,
lat :,  , log :, ,
lat :, 3540.16943 , log :, 13922.11021,
lat :, 3540.16956 , log :, 13922.10985,
lat :, 3540.16917 , log :, 13922.10954,
lat :, 3540.16701 , log :, 13922.10941,
lat :, 3540.16669 , log :, 13922.10927,
lat :, 3540.16703 , log :, 13922.10886,
lat :, 3540.16585 , log :, 13922.10850,
lat :, 3540.16517 , log :, 13922.10777,
lat :, 3540.16379 , log :, 13922.10752,
lat :, 3540.16279 , log :, 13922.10692,
lat :,  , log :, ,
lat :,  , log :, ,
lat :,  , log :, ,
lat :,  , log :, ,
lat :,  , log :, ,
lat :, 3540.16573 , log :, 13922.10661,
lat :, 3540.16581 , log :, 13922.10525,
lat :, 3540.16614 , log :, 13922.10445,
lat :, 3540.16424 , log :, 13922.10508,
lat :,  , log :, ,
lat :, 3540.16269 , log :, 13922.10505,
lat :,  , log :, ,
lat :, 3540.16062 , log :, 13922.10575,
lat :, 3540.15783 , log :, 13922.10621,
lat :, 3540.15662 , log :, 13922.10581,
lat :,  , log :, ,
lat :,  , log :, ,
lat :,  , log :, ,
lat :,  , log :, ,
lat :,  , log :, ,
lat :,  , log :, ,
lat :,  , log :, ,
lat :,  , log :, ,
lat :,  , log :, ,
lat :,  , log :, ,
lat :,  , log :, ,
lat :,  , log :, ,
lat :,  , log :, ,
lat :,  , log :, ,
lat :,  , log :, ,
lat :,  , log :, ,
lat :,  , log :, ,
lat :,  , log :, ,
lat :,  , log :, ,
lat :,  , log :, ,
lat :,  , log :, ,
lat :,  , log :, ,
lat :,  , log :, ,
lat :,  , log :, ,
lat :,  , log :, ,
lat :, 3540.13483 , log :, 13922.10000,
lat :,  , log :, ,
lat :,  , log :, ,
lat :,  , log :, ,
lat :,  , log :, ,
lat :,  , log :, ,
lat :,  , log :, ,
lat :,  , log :, ,
lat :,  , log :, ,
lat :,  , log :, ,
lat :,  , log :, ,
lat :,  , log :, ,
lat :,  , log :, ,
lat :,  , log :, ,
lat :,  , log :, ,
lat :,  , log :, ,
lat :,  , log :, ,
lat :,  , log :, ,
lat :,  , log :, ,
lat :,  , log :, ,
lat :,  , log :, ,
lat :,  , log :, ,
lat :,  , log :, ,
lat :,  , log :, ,
lat :,  , log :, ,
lat :,  , log :, ,
lat :,  , log :, ,
lat :,  , log :, ,
lat :,  , log :, ,
lat :,  , log :, ,
lat :,  , log :, ,
lat :,  , log :, ,
lat :,  , log :, ,
lat :,  , log :, ,
lat :,  , log :, ,
lat :,  , log :, ,
lat :,  , log :, ,
lat :,  , log :, ,
lat :,  , log :, ,
lat :,  , log :, ,
lat :,  , log :, ,
lat :,  , log :, ,
lat :,  , log :, ,
lat :,  , log :, ,
lat :,  , log :, ,
lat :,  , log :, ,
lat :,  , log :, ,
lat :,  , log :, ,
lat :,  , log :, ,
lat :,  , log :, ,
lat :,  , log :, ,
lat :,  , log :, ,
lat :,  , log :, ,
lat :,  , log :, ,
lat :,  , log :, ,
lat :,  , log :, ,
lat :,  , log :, ,
lat :,  , log :, ,
lat :,  , log :, ,
lat :,  , log :, ,
lat :,  , log :, ,
lat :,  , log :, ,
lat :,  , log :, ,
lat :,  , log :, ,
lat :,  , log :, ,
lat :,  , log :, ,
lat :,  , log :, ,
lat :,  , log :, ,
lat :,  , log :, ,
lat :,  , log :, ,
lat :,  , log :, ,
lat :,  , log :, ,
lat :,  , log :, ,
lat :,  , log :, ,
lat :,  , log :, ,
lat :,  , log :, ,
lat :,  , log :, ,
lat :,  , log :, ,
lat :,  , log :, ,
lat :,  , log :, ,
lat :,  , log :, ,
lat :,  , log :, ,
lat :,  , log :, ,
lat :,  , log :, ,
lat :,  , log :, ,
lat :,  , log :, ,
lat :,  , log :, ,
lat :,  , log :, ,
lat :,  , log :, ,
lat :,  , log :, ,
lat :,  , log :, ,
lat :,  , log :, ,
lat :,  , log :, ,
lat :,  , log :, ,
lat :,  , log :, ,
lat :,  , log :, ,
lat :,  , log :, ,
lat :,  , log :, ,
lat :,  , log :, ,
lat :,  , log :, ,
lat :,  , log :, ,
lat :,  , log :, ,
lat :,  , log :, ,
lat :,  , log :, ,
lat :,  , log :, ,
lat :,  , log :, ,
lat :,  , log :, ,
lat :,  , log :, ,
lat :,  , log :, ,
lat :,  , log :, ,
lat :,  , log :, ,
lat :,  , log :, ,
lat :,  , log :, ,
lat :,  , log :, ,
lat :,  , log :, ,
lat :,  , log :, ,
lat :,  , log :, ,
lat :,  , log :, ,
lat :,  , log :, ,
lat :,  , log :, ,
lat :,  , log :, ,
lat :,  , log :, ,
lat :,  , log :, ,
lat :,  , log :, ,
lat :,  , log :, ,
lat :,  , log :, ,
lat :,  , log :, ,
lat :,  , log :, ,
lat :,  , log :, ,
lat :,  , log :, ,
lat :,  , log :, ,
lat :,  , log :, ,
lat :,  , log :, ,
lat :,  , log :, ,
lat :,  , log :, ,
lat :,  , log :, ,
lat :,  , log :, ,
lat :,  , log :, ,
lat :,  , log :, ,
lat :,  , log :, ,
lat :,  , log :, ,
lat :, 3540.03408 , log :, 13922.09634,
lat :,  , log :, ,
lat :,  , log :, ,
lat :,  , log :, ,
lat :,  , log :, ,
lat :,  , log :, ,
lat :,  , log :, ,
lat :,  , log :, ,
lat :,  , log :, ,
lat :,  , log :, ,
lat :,  , log :, ,
lat :,  , log :, ,
lat :,  , log :, ,
lat :,  , log :, ,
lat :,  , log :, ,
lat :,  , log :, ,
lat :,  , log :, ,
lat :,  , log :, ,
lat :,  , log :, ,
lat :,  , log :, ,
lat :,  , log :, ,
lat :,  , log :, ,
lat :,  , log :, ,
lat :,  , log :, ,
lat :,  , log :, ,
lat :,  , log :, ,
lat :,  , log :, ,
lat :,  , log :, ,
lat :,  , log :, ,
lat :,  , log :, ,
lat :,  , log :, ,
lat :,  , log :, ,
lat :,  , log :, ,
lat :,  , log :, ,
lat :,  , log :, ,
lat :,  , log :, ,
lat :,  , log :, ,
lat :,  , log :, ,
lat :,  , log :, ,
lat :,  , log :, ,
lat :,  , log :, ,
lat :,  , log :, ,
lat :,  , log :, ,
lat :,  , log :, ,
lat :,  , log :, ,
lat :,  , log :, ,
lat :,  , log :, ,
lat :,  , log :, ,
lat :,  , log :, ,
lat :,  , log :, ,
lat :,  , log :, ,
lat :,  , log :, ,
lat :,  , log :, ,
lat :,  , log :, ,
lat :,  , log :, ,
lat :,  , log :, ,
lat :,  , log :, ,
lat :,  , log :, ,
lat :,  , log :, ,
lat :,  , log :, ,
lat :,  , log :, ,
lat :,  , log :, ,
lat :,  , log :, ,
lat :,  , log :, ,
lat :,  , log :, ,
lat :,  , log :, ,
lat :,  , log :, ,
lat :,  , log :, ,
lat :,  , log :, ,
lat :,  , log :, ,
lat :,  , log :, ,
lat :,  , log :, ,
lat :,  , log :, ,
lat :,  , log :, ,
lat :,  , log :, ,
lat :,  , log :, ,
lat :,  , log :, ,
lat :,  , log :, ,
lat :,  , log :, ,
lat :,  , log :, ,
lat :,  , log :, ,
lat :,  , log :, ,
lat :,  , log :, ,
lat :, 3540.02701 , log :, 13922.10361,
lat :, 3540.02707 , log :, 13922.10376,
lat :, 3540.02756 , log :, 13922.10458,
lat :, 3540.02630 , log :, 13922.10483,
lat :, 3540.02578 , log :, 13922.10527,
lat :, 3540.02554 , log :, 13922.10638,
lat :, 3540.02438 , log :, 13922.10776,
lat :, 3540.02343 , log :, 13922.10830,
lat :, 3540.02182 , log :, 13922.10859,
lat :, 3540.02116 , log :, 13922.10826,
lat :, 3540.02072 , log :, 13922.10808,
lat :, 3540.02023 , log :, 13922.10779,
lat :, 3540.01890 , log :, 13922.10787,
lat :, 3540.01829 , log :, 13922.10789,
lat :, 3540.01866 , log :, 13922.10943,
lat :, 3540.01853 , log :, 13922.10919,
lat :, 3540.01860 , log :, 13922.10889,
lat :, 3540.01782 , log :, 13922.10980,
lat :, 3540.01700 , log :, 13922.11013,
lat :, 3540.01433 , log :, 13922.10882,
lat :, 3540.01495 , log :, 13922.10826,
lat :, 3540.01405 , log :, 13922.10758,
lat :, 3540.01408 , log :, 13922.10713,
lat :, 3540.01389 , log :, 13922.10644,
lat :, 3540.01343 , log :, 13922.10570,
lat :, 3540.01328 , log :, 13922.10560,
lat :, 3540.01276 , log :, 13922.10531,
lat :, 3540.01251 , log :, 13922.10500,
lat :, 3540.01179 , log :, 13922.10498,
lat :, 3540.01164 , log :, 13922.10440,
lat :, 3540.01074 , log :, 13922.10523,
lat :, 3540.01003 , log :, 13922.10558,
lat :, 3540.00990 , log :, 13922.10578,
lat :, 3540.01060 , log :, 13922.10583,
lat :, 3540.00996 , log :, 13922.10627,
lat :, 3540.01058 , log :, 13922.10576,
lat :, 3540.01002 , log :, 13922.10534,
lat :, 3540.00879 , log :, 13922.10540,
lat :, 3540.00813 , log :, 13922.10568,
lat :, 3540.00856 , log :, 13922.10627,
lat :, 3540.00818 , log :, 13922.10603,
lat :, 3540.00803 , log :, 13922.10613,
lat :, 3540.00753 , log :, 13922.10723,
lat :, 3540.00654 , log :, 13922.10758,
lat :, 3540.00518 , log :, 13922.10802,
lat :, 3540.00442 , log :, 13922.10825,
lat :, 3540.00359 , log :, 13922.10890,
lat :, 3540.00306 , log :, 13922.11057,
lat :, 3540.00240 , log :, 13922.11057,
lat :, 3540.00158 , log :, 13922.11072,
lat :, 3540.00097 , log :, 13922.11110,
lat :,  , log :, ,
lat :,  , log :, ,
lat :,  , log :, ,
lat :, 3539.99804 , log :, 13922.11056,
lat :, 3539.99701 , log :, 13922.11158,
lat :, 3539.99624 , log :, 13922.11131,
lat :, 3539.99537 , log :, 13922.11178,
lat :, 3539.99378 , log :, 13922.11199,
lat :, 3539.99212 , log :, 13922.11244,
lat :, 3539.99102 , log :, 13922.11238,
lat :, 3539.98971 , log :, 13922.11334,
lat :, 3539.98791 , log :, 13922.11316,
lat :, 3539.98604 , log :, 13922.11417,
lat :, 3539.98483 , log :, 13922.11444,
lat :, 3539.98389 , log :, 13922.11441,
lat :, 3539.98290 , log :, 13922.11439,
lat :, 3539.98120 , log :, 13922.11487,
lat :, 3539.98090 , log :, 13922.11428,
lat :, 3539.98068 , log :, 13922.11415,
lat :, 3539.97927 , log :, 13922.11433,
lat :, 3539.97808 , log :, 13922.11500,
lat :, 3539.97749 , log :, 13922.11511,
lat :, 3539.97740 , log :, 13922.11505,
lat :,  , log :, ,
lat :,  , log :, ,
lat :,  , log :, ,
lat :, 3539.97265 , log :, 13922.11740,
lat :, 3539.97111 , log :, 13922.11789,
lat :,  , log :, ,
lat :,  , log :, ,
lat :, 3539.96885 , log :, 13922.11627,
lat :, 3539.96862 , log :, 13922.11654,
lat :, 3539.96769 , log :, 13922.11603,
lat :, 3539.96690 , log :, 13922.11414,
lat :, 3539.96605 , log :, 13922.11463,
lat :, 3539.96601 , log :, 13922.11451,
lat :, 3539.96629 , log :, 13922.11355,
lat :, 3539.96573 , log :, 13922.11378,
lat :, 3539.96369 , log :, 13922.11489,
lat :, 3539.96341 , log :, 13922.11527,
lat :, 3539.96298 , log :, 13922.11529,
lat :, 3539.96243 , log :, 13922.11483,
lat :, 3539.96239 , log :, 13922.11537,
lat :, 3539.96196 , log :, 13922.11558,
lat :, 3539.96126 , log :, 13922.11600,
lat :, 3539.96109 , log :, 13922.11605,
lat :, 3539.96069 , log :, 13922.11586,
lat :, 3539.96050 , log :, 13922.11555,
lat :, 3539.96016 , log :, 13922.11533,
lat :, 3539.95963 , log :, 13922.11516,
lat :, 3539.95907 , log :, 13922.11536,
lat :, 3539.95862 , log :, 13922.11572,
lat :, 3539.95813 , log :, 13922.11574,
lat :, 3539.95769 , log :, 13922.11537,
lat :, 3539.95739 , log :, 13922.11492,
lat :, 3539.95693 , log :, 13922.11498,
lat :, 3539.95606 , log :, 13922.11514,
lat :, 3539.95514 , log :, 13922.11598,
lat :, 3539.95461 , log :, 13922.11601,
lat :, 3539.95378 , log :, 13922.11630,
lat :, 3539.95348 , log :, 13922.11651,
lat :, 3539.95251 , log :, 13922.11781,
lat :, 3539.95191 , log :, 13922.11754,
lat :, 3539.95095 , log :, 13922.11796,
lat :,  , log :, ,
lat :,  , log :, ,
lat :, 3539.97134 , log :, 13922.06779,
lat :, 3539.97065 , log :, 13922.06199,
lat :, 3539.96860 , log :, 13922.05918,
lat :, 3539.97035 , log :, 13922.05809,
lat :, 3539.96976 , log :, 13922.05668,
lat :, 3539.97080 , log :, 13922.05465,
lat :, 3539.97064 , log :, 13922.05458,
lat :, 3539.97069 , log :, 13922.05486,
lat :, 3539.97031 , log :, 13922.05428,
lat :, 3539.96866 , log :, 13922.05287,
lat :, 3539.96786 , log :, 13922.05284,
lat :, 3539.96826 , log :, 13922.05257,
lat :, 3539.96712 , log :, 13922.05145,
lat :, 3539.96718 , log :, 13922.05170,
lat :,  , log :, ,
lat :,  , log :, ,
lat :,  , log :, ,
lat :, 3539.96448 , log :, 13922.05057,
lat :, 3539.96625 , log :, 13922.05203,
lat :, 3539.96641 , log :, 13922.05208,
lat :, 3539.96569 , log :, 13922.05158,
lat :, 3539.96400 , log :, 13922.05002,
lat :, 3539.96340 , log :, 13922.04993,
lat :, 3539.96110 , log :, 13922.04826,
lat :, 3539.96068 , log :, 13922.04826,
lat :, 3539.95954 , log :, 13922.04796,
lat :, 3539.95963 , log :, 13922.04836,
lat :, 3539.95781 , log :, 13922.04751,
lat :, 3539.95673 , log :, 13922.04779,
lat :, 3539.95638 , log :, 13922.04854,
lat :, 3539.95541 , log :, 13922.04878,
lat :, 3539.95461 , log :, 13922.04907,
lat :, 3539.95366 , log :, 13922.04936,
lat :, 3539.95268 , log :, 13922.04978,
lat :, 3539.95097 , log :, 13922.04984,
lat :, 3539.95039 , log :, 13922.05038,
lat :, 3539.94936 , log :, 13922.05040,
lat :, 3539.94831 , log :, 13922.05053,
lat :, 3539.94755 , log :, 13922.05085,
lat :, 3539.94659 , log :, 13922.05094,
lat :, 3539.94600 , log :, 13922.05138,
lat :, 3539.94512 , log :, 13922.05157,
lat :, 3539.94446 , log :, 13922.05202,
lat :, 3539.94428 , log :, 13922.05293,
lat :, 3539.94347 , log :, 13922.05310,
lat :, 3539.94262 , log :, 13922.05328,
lat :, 3539.94159 , log :, 13922.05324,
lat :, 3539.94067 , log :, 13922.05317,
lat :, 3539.94057 , log :, 13922.05371,
lat :, 3539.93960 , log :, 13922.05381,
lat :, 3539.93889 , log :, 13922.05402,
lat :, 3539.93844 , log :, 13922.05445,
lat :, 3539.93787 , log :, 13922.05480,
lat :, 3539.93733 , log :, 13922.05512,
lat :, 3539.93636 , log :, 13922.05522,
lat :, 3539.93555 , log :, 13922.05542,
lat :, 3539.93441 , log :, 13922.05545,
lat :, 3539.93332 , log :, 13922.05540,
lat :, 3539.93258 , log :, 13922.05558,
lat :, 3539.93228 , log :, 13922.05584,
lat :, 3539.93131 , log :, 13922.05591,
lat :, 3539.93054 , log :, 13922.05618,
lat :, 3539.92968 , log :, 13922.05633,
lat :, 3539.92910 , log :, 13922.05653,
lat :, 3539.92897 , log :, 13922.05688,
lat :, 3539.92842 , log :, 13922.05717,
lat :, 3539.92804 , log :, 13922.05747,
lat :, 3539.92827 , log :, 13922.05788,
lat :, 3539.92745 , log :, 13922.05797,
lat :, 3539.92632 , log :, 13922.05712,
lat :, 3539.92570 , log :, 13922.05735,
lat :, 3539.92520 , log :, 13922.05748,
lat :, 3539.92392 , log :, 13922.05684,
lat :, 3539.92340 , log :, 13922.05668,
lat :, 3539.92327 , log :, 13922.05649,
lat :, 3539.92282 , log :, 13922.05611,
lat :, 3539.92282 , log :, 13922.05612,
lat :, 3539.92272 , log :, 13922.05649,
lat :, 3539.92254 , log :, 13922.05628,
lat :, 3539.92246 , log :, 13922.05635,
lat :, 3539.92210 , log :, 13922.05622,
lat :, 3539.92141 , log :, 13922.05577,
lat :, 3539.92117 , log :, 13922.05528,
lat :, 3539.92178 , log :, 13922.05664,
lat :, 3539.92050 , log :, 13922.05591,
lat :, 3539.92040 , log :, 13922.05590,
lat :, 3539.92073 , log :, 13922.05522,
lat :, 3539.91993 , log :, 13922.05523,
lat :, 3539.91932 , log :, 13922.05537,
lat :, 3539.91848 , log :, 13922.05527,
lat :, 3539.91780 , log :, 13922.05541,
lat :, 3539.91715 , log :, 13922.05560,
lat :, 3539.91653 , log :, 13922.05549,
lat :, 3539.91545 , log :, 13922.05584,
lat :, 3539.91468 , log :, 13922.05620,
lat :, 3539.91349 , log :, 13922.05694,
lat :, 3539.91321 , log :, 13922.05626,
lat :, 3539.91176 , log :, 13922.05690,
lat :, 3539.91250 , log :, 13922.05795,
lat :, 3539.91252 , log :, 13922.05853,
lat :, 3539.91285 , log :, 13922.05883,
lat :, 3539.91287 , log :, 13922.05866,
lat :, 3539.91358 , log :, 13922.05935,
lat :, 3539.91350 , log :, 13922.06046,
lat :, 3539.91284 , log :, 13922.06109,
lat :, 3539.91271 , log :, 13922.06158,
lat :, 3539.91321 , log :, 13922.06254,
lat :, 3539.91326 , log :, 13922.06306,
lat :, 3539.91355 , log :, 13922.06347,
lat :, 3539.91353 , log :, 13922.06444,
lat :, 3539.91360 , log :, 13922.06514,
lat :, 3539.91330 , log :, 13922.06587,
lat :, 3539.91368 , log :, 13922.06661,
lat :, 3539.91400 , log :, 13922.06720,
lat :, 3539.91376 , log :, 13922.06808,
lat :, 3539.91441 , log :, 13922.06864,
lat :, 3539.91467 , log :, 13922.06926,
lat :, 3539.91461 , log :, 13922.06976,
lat :, 3539.91447 , log :, 13922.07061,
lat :, 3539.91444 , log :, 13922.07200,
lat :, 3539.91596 , log :, 13922.07477,
lat :, 3539.91634 , log :, 13922.07618,
lat :, 3539.91664 , log :, 13922.07726,
lat :, 3539.91698 , log :, 13922.07815,
lat :, 3539.91752 , log :, 13922.07903,
lat :, 3539.91760 , log :, 13922.07998,
lat :, 3539.91766 , log :, 13922.08097,
lat :, 3539.91731 , log :, 13922.08111,
lat :, 3539.91797 , log :, 13922.08165,
lat :, 3539.91812 , log :, 13922.08236,
lat :, 3539.91849 , log :, 13922.08328,
lat :, 3539.91881 , log :, 13922.08430,
lat :, 3539.91889 , log :, 13922.08530,
lat :, 3539.91879 , log :, 13922.08618,
lat :, 3539.91892 , log :, 13922.08705,
lat :, 3539.91911 , log :, 13922.08800,
lat :, 3539.91923 , log :, 13922.08899,
lat :, 3539.91946 , log :, 13922.08985,
lat :, 3539.91960 , log :, 13922.09058,
lat :, 3539.91952 , log :, 13922.09153,
lat :, 3539.91891 , log :, 13922.09273,
lat :, 3539.91854 , log :, 13922.09389,
lat :, 3539.91845 , log :, 13922.09486,
lat :, 3539.91831 , log :, 13922.09580,
lat :, 3539.91804 , log :, 13922.09676,
lat :, 3539.91773 , log :, 13922.09768,
lat :, 3539.91755 , log :, 13922.09864,
lat :, 3539.91751 , log :, 13922.09958,
lat :, 3539.91746 , log :, 13922.10047,
lat :, 3539.91740 , log :, 13922.10144,
lat :, 3539.91712 , log :, 13922.10248,
lat :, 3539.91698 , log :, 13922.10353,
lat :, 3539.91667 , log :, 13922.10467,
lat :, 3539.91651 , log :, 13922.10575,
lat :, 3539.91616 , log :, 13922.10683,
lat :, 3539.91582 , log :, 13922.10785,
lat :, 3539.91555 , log :, 13922.10884,
lat :, 3539.91521 , log :, 13922.10978,
lat :, 3539.91489 , log :, 13922.11071,
lat :, 3539.91472 , log :, 13922.11163,
lat :, 3539.91458 , log :, 13922.11247,
lat :, 3539.91442 , log :, 13922.11324,
lat :, 3539.91404 , log :, 13922.11389,
lat :, 3539.91367 , log :, 13922.11436,
lat :, 3539.91318 , log :, 13922.11479,
lat :, 3539.91254 , log :, 13922.11546,
lat :, 3539.91217 , log :, 13922.11590,
lat :, 3539.91177 , log :, 13922.11647,
lat :, 3539.91070 , log :, 13922.11701,
lat :, 3539.91037 , log :, 13922.11764,
lat :, 3539.90991 , log :, 13922.11834,
lat :, 3539.90908 , log :, 13922.11889,
lat :, 3539.90855 , log :, 13922.11923,
lat :, 3539.90749 , log :, 13922.11930,
lat :, 3539.90689 , log :, 13922.11967,
lat :, 3539.90637 , log :, 13922.11962,
lat :, 3539.90573 , log :, 13922.11963,
lat :, 3539.90495 , log :, 13922.11983,
lat :, 3539.90448 , log :, 13922.12020,
lat :, 3539.90347 , log :, 13922.12127,
lat :, 3539.90306 , log :, 13922.12204,
lat :, 3539.90310 , log :, 13922.12325,
lat :, 3539.90247 , log :, 13922.12370,
lat :, 3539.90160 , log :, 13922.12382,
lat :, 3539.90053 , log :, 13922.12401,
lat :, 3539.89892 , log :, 13922.12402,
lat :, 3539.89788 , log :, 13922.12417,
lat :, 3539.89652 , log :, 13922.12408,
lat :, 3539.89583 , log :, 13922.12425,
lat :, 3539.89495 , log :, 13922.12468,
lat :, 3539.89435 , log :, 13922.12518,
lat :, 3539.89385 , log :, 13922.12569,
lat :, 3539.89352 , log :, 13922.12630,
lat :, 3539.89313 , log :, 13922.12684,
lat :, 3539.89268 , log :, 13922.12739,
lat :, 3539.89213 , log :, 13922.12770,
lat :, 3539.89173 , log :, 13922.12808,
lat :, 3539.89148 , log :, 13922.12881,
lat :, 3539.89082 , log :, 13922.12916,
lat :, 3539.89008 , log :, 13922.12946,
lat :, 3539.89005 , log :, 13922.13009,
lat :, 3539.88990 , log :, 13922.13076,
lat :, 3539.88914 , log :, 13922.13097,
lat :, 3539.88810 , log :, 13922.13055,
lat :, 3539.88757 , log :, 13922.13053,
lat :, 3539.88701 , log :, 13922.13104,
lat :, 3539.88678 , log :, 13922.13151,
lat :, 3539.88654 , log :, 13922.13187,
lat :, 3539.88615 , log :, 13922.13252,
lat :, 3539.88561 , log :, 13922.13306,
lat :, 3539.88586 , log :, 13922.13415,
lat :, 3539.88647 , log :, 13922.13534,
lat :, 3539.88659 , log :, 13922.13620,
lat :, 3539.88559 , log :, 13922.13617,
lat :, 3539.88406 , log :, 13922.13559,
lat :, 3539.88370 , log :, 13922.13587,
lat :, 3539.88171 , log :, 13922.13484,
lat :, 3539.87996 , log :, 13922.13438,
lat :, 3539.87936 , log :, 13922.13463,
lat :, 3539.87787 , log :, 13922.13494,
lat :, 3539.87611 , log :, 13922.13522,
lat :, 3539.87524 , log :, 13922.13554,
lat :, 3539.87439 , log :, 13922.13508,
lat :,  , log :, ,
lat :,  , log :, ,
lat :, 3539.87627 , log :, 13922.13400,
lat :,  , log :, ,
lat :, 3539.87640 , log :, 13922.13343,
lat :, 3539.87503 , log :, 13922.13261,
lat :, 3539.87573 , log :, 13922.13147,
lat :, 3539.87660 , log :, 13922.13105,
lat :, 3539.87652 , log :, 13922.13061,
lat :, 3539.87660 , log :, 13922.13012,
lat :, 3539.87554 , log :, 13922.12889,
lat :, 3539.87545 , log :, 13922.12866,
lat :, 3539.87500 , log :, 13922.12883,
lat :, 3539.87382 , log :, 13922.12971,
lat :, 3539.87429 , log :, 13922.12977,
lat :, 3539.87458 , log :, 13922.13025,
lat :, 3539.87515 , log :, 13922.13075,
lat :, 3539.87556 , log :, 13922.13145,
lat :, 3539.87599 , log :, 13922.13218,
lat :, 3539.87609 , log :, 13922.13270,
lat :, 3539.87600 , log :, 13922.13337,
lat :,  , log :, ,
lat :,  , log :, ,
lat :,  , log :, ,
lat :,  , log :, ,
lat :,  , log :, ,
lat :,  , log :, ,
lat :,  , log :, ,
lat :,  , log :, ,
lat :,  , log :, ,
lat :,  , log :, ,
lat :,  , log :, ,
lat :,  , log :, ,
lat :,  , log :, ,
lat :,  , log :, ,
lat :,  , log :, ,
lat :,  , log :, ,
lat :,  , log :, ,
lat :,  , log :, ,
lat :,  , log :, ,
lat :,  , log :, ,
lat :,  , log :, ,
lat :,  , log :, ,
lat :,  , log :, ,
lat :,  , log :, ,
lat :,  , log :, ,
lat :,  , log :, ,
lat :,  , log :, ,
lat :,  , log :, ,
lat :,  , log :, ,
lat :,  , log :, ,
lat :,  , log :, ,
lat :,  , log :, ,
lat :,  , log :, ,
lat :,  , log :, ,
lat :,  , log :, ,
lat :,  , log :, ,
lat :,  , log :, ,
lat :,  , log :, ,
lat :,  , log :, ,
lat :,  , log :, ,
lat :,  , log :, ,
lat :,  , log :, ,
lat :,  , log :, ,
lat :,  , log :, ,
lat :,  , log :, ,
lat :,  , log :, ,
lat :,  , log :, ,
lat :,  , log :, ,
lat :,  , log :, ,
lat :,  , log :, ,
lat :,  , log :, ,
lat :,  , log :, ,
lat :,  , log :, ,
lat :,  , log :, ,
lat :,  , log :, ,
lat :,  , log :, ,
lat :,  , log :, ,
lat :,  , log :, ,
lat :,  , log :, ,
lat :,  , log :, ,
lat :,  , log :, ,
lat :,  , log :, ,
lat :,  , log :, ,
lat :,  , log :, ,
lat :,  , log :, ,
lat :,  , log :, ,
lat :,  , log :, ,
lat :,  , log :, ,
lat :,  , log :, ,
lat :,  , log :, ,
lat :,  , log :, ,
lat :,  , log :, ,
lat :,  , log :, ,
lat :,  , log :, ,
lat :,  , log :, ,
lat :,  , log :, ,
lat :,  , log :, ,
lat :,  , log :, ,
lat :,  , log :, ,
lat :,  , log :, ,
lat :,  , log :, ,
lat :,  , log :, ,
lat :,  , log :, ,
lat :,  , log :, ,
lat :,  , log :, ,
lat :,  , log :, ,
lat :,  , log :, ,
lat :,  , log :, ,
lat :,  , log :, ,
lat :,  , log :, ,
lat :,  , log :, ,
lat :,  , log :, ,
lat :,  , log :, ,
lat :,  , log :, ,
lat :,  , log :, ,
lat :,  , log :, ,
lat :,  , log :, ,
lat :,  , log :, ,
lat :,  , log :, ,
lat :,  , log :, ,
lat :,  , log :, ,
lat :,  , log :, ,
lat :,  , log :, ,
lat :,  , log :, ,
lat :,  , log :, ,
lat :,  , log :, ,
lat :,  , log :, ,
lat :,  , log :, ,
lat :,  , log :, ,
lat :,  , log :, ,
lat :,  , log :, ,
lat :,  , log :, ,
lat :,  , log :, ,
lat :,  , log :, ,
lat :,  , log :, ,
lat :,  , log :, ,
lat :,  , log :, ,
lat :,  , log :, ,
lat :,  , log :, ,
lat :,  , log :, ,
lat :,  , log :, ,
lat :,  , log :, ,
lat :,  , log :, ,
lat :,  , log :, ,
lat :,  , log :, ,
lat :,  , log :, ,
lat :,  , log :, ,
lat :,  , log :, ,
lat :,  , log :, ,
lat :,  , log :, ,
lat :,  , log :, ,
lat :,  , log :, ,
lat :,  , log :, ,
lat :,  , log :, ,
lat :,  , log :, ,
lat :,  , log :, ,
lat :,  , log :, ,
lat :,  , log :, ,
lat :,  , log :, ,
lat :,  , log :, ,
lat :,  , log :, ,
lat :,  , log :, ,
lat :,  , log :, ,
lat :,  , log :, ,
lat :,  , log :, ,
lat :,  , log :, ,
lat :,  , log :, ,
lat :,  , log :, ,
lat :,  , log :, ,
lat :,  , log :, ,
lat :,  , log :, ,
lat :,  , log :, ,
lat :,  , log :, ,
lat :,  , log :, ,
lat :,  , log :, ,
lat :,  , log :, ,
lat :,  , log :, ,
lat :,  , log :, ,
lat :,  , log :, ,
lat :,  , log :, ,
lat :,  , log :, ,
lat :,  , log :, ,
lat :,  , log :, ,
lat :,  , log :, ,
lat :,  , log :, ,
lat :,  , log :, ,
lat :,  , log :, ,
lat :,  , log :, ,
lat :,  , log :, ,
lat :,  , log :, ,
lat :,  , log :, ,
lat :,  , log :, ,
lat :,  , log :, ,
lat :,  , log :, ,
lat :,  , log :, ,
lat :,  , log :, ,
lat :,  , log :, ,
lat :,  , log :, ,
lat :,  , log :, ,
lat :,  , log :, ,
lat :,  , log :, ,
lat :,  , log :, ,
lat :,  , log :, ,
lat :,  , log :, ,
lat :,  , log :, ,
lat :,  , log :, ,
lat :,  , log :, ,
lat :,  , log :, ,
lat :,  , log :, ,
lat :,  , log :, ,
lat :,  , log :, ,
lat :,  , log :, ,
lat :,  , log :, ,
lat :,  , log :, ,
lat :,  , log :, ,
lat :,  , log :, ,
lat :,  , log :, ,
lat :,  , log :, ,
lat :,  , log :, ,
lat :,  , log :, ,
lat :,  , log :, ,
lat :,  , log :, ,
lat :,  , log :, ,
lat :,  , log :, ,
lat :,  , log :, ,
lat :,  , log :, ,
lat :,  , log :, ,
lat :,  , log :, ,
lat :,  , log :, ,
lat :,  , log :, ,
lat :,  , log :, ,
lat :,  , log :, ,
lat :,  , log :, ,
lat :,  , log :, ,
lat :,  , log :, ,
lat :,  , log :, ,
lat :,  , log :, ,
lat :,  , log :, ,
lat :,  , log :, ,
lat :,  , log :, ,
lat :,  , log :, ,
lat :,  , log :, ,
lat :,  , log :, ,
lat :,  , log :, ,
lat :,  , log :, ,
lat :,  , log :, ,
lat :,  , log :, ,
lat :,  , log :, ,
lat :,  , log :, ,
lat :,  , log :, ,
lat :,  , log :, ,
lat :,  , log :, ,
lat :,  , log :, ,
lat :,  , log :, ,
lat :,  , log :, ,
lat :,  , log :, ,
lat :,  , log :, ,
lat :,  , log :, ,
lat :,  , log :, ,
lat :,  , log :, ,
lat :,  , log :, ,
lat :,  , log :, ,
lat :,  , log :, ,
lat :,  , log :, ,
lat :,  , log :, ,
lat :,  , log :, ,
lat :,  , log :, ,
lat :,  , log :, ,
lat :,  , log :, ,
lat :,  , log :, ,
lat :,  , log :, ,
lat :,  , log :, ,
lat :,  , log :, ,
lat :,  , log :, ,
lat :,  , log :, ,
lat :,  , log :, ,
lat :,  , log :, ,
lat :,  , log :, ,
lat :,  , log :, ,
lat :,  , log :, ,
lat :,  , log :, ,
lat :,  , log :, ,
lat :,  , log :, ,
lat :,  , log :, ,
lat :,  , log :, ,
lat :,  , log :, ,
lat :,  , log :, ,
lat :,  , log :, ,
lat :,  , log :, ,
lat :,  , log :, ,
lat :,  , log :, ,
lat :,  , log :, ,
lat :,  , log :, ,
lat :,  , log :, ,
lat :,  , log :, ,
lat :,  , log :, ,
lat :,  , log :, ,
lat :,  , log :, ,
lat :,  , log :, ,
lat :,  , log :, ,
lat :,  , log :, ,
lat :,  , log :, ,
lat :,  , log :, ,
lat :,  , log :, ,
lat :,  , log :, ,
lat :,  , log :, ,
lat :,  , log :, ,
lat :,  , log :, ,
lat :,  , log :, ,
lat :,  , log :, ,
lat :,  , log :, ,
lat :,  , log :, ,
lat :,  , log :, ,
lat :,  , log :, ,
lat :,  , log :, ,
lat :,  , log :, ,
lat :,  , log :, ,
lat :,  , log :, ,
lat :,  , log :, ,
lat :,  , log :, ,
lat :,  , log :, ,
lat :,  , log :, ,
lat :,  , log :, ,
lat :,  , log :, ,
lat :,  , log :, ,
lat :,  , log :, ,
lat :,  , log :, ,
lat :,  , log :, ,
lat :,  , log :, ,
lat :,  , log :, ,
lat :,  , log :, ,
lat :,  , log :, ,
lat :,  , log :, ,
lat :,  , log :, ,
lat :,  , log :, ,
lat :,  , log :, ,
lat :,  , log :, ,
lat :,  , log :, ,
lat :,  , log :, ,
lat :,  , log :, ,
lat :,  , log :, ,
lat :,  , log :, ,
lat :,  , log :, ,
lat :,  , log :, ,
lat :,  , log :, ,
lat :,  , log :, ,
lat :,  , log :, ,
lat :,  , log :, ,
lat :,  , log :, ,
lat :,  , log :, ,
lat :,  , log :, ,
lat :,  , log :, ,
lat :,  , log :, ,
lat :,  , log :, ,
lat :,  , log :, ,
lat :,  , log :, ,
lat :,  , log :, ,
lat :,  , log :, ,
lat :,  , log :, ,
lat :,  , log :, ,
lat :,  , log :, ,
lat :,  , log :, ,
lat :,  , log :, ,
lat :,  , log :, ,
lat :,  , log :, ,
lat :,  , log :, ,
lat :,  , log :, ,
lat :,  , log :, ,
lat :,  , log :, ,
lat :,  , log :, ,
lat :,  , log :, ,
lat :,  , log :, ,
lat :,  , log :, ,
lat :,  , log :, ,
lat :,  , log :, ,
lat :,  , log :, ,
lat :,  , log :, ,
lat :,  , log :, ,
lat :,  , log :, ,
lat :,  , log :, ,
lat :,  , log :, ,
lat :,  , log :, ,
lat :,  , log :, ,
lat :,  , log :, ,
lat :,  , log :, ,
lat :,  , log :, ,
lat :,  , log :, ,
lat :,  , log :, ,
lat :,  , log :, ,
lat :,  , log :, ,
lat :,  , log :, ,
lat :,  , log :, ,
lat :,  , log :, ,
lat :,  , log :, ,
lat :,  , log :, ,
lat :,  , log :, ,
lat :,  , log :, ,
lat :,  , log :, ,
lat :,  , log :, ,
lat :,  , log :, ,
lat :, 3539.87260 , log :, 13922.14627,
lat :, 3539.86960 , log :, 13922.14536,
lat :, 3539.86768 , log :, 13922.14281,
lat :, 3539.86893 , log :, 13922.14262,
lat :, 3539.86901 , log :, 13922.14301,
lat :, 3539.86962 , log :, 13922.14285,
lat :, 3539.87015 , log :, 13922.14281,
lat :, 3539.87009 , log :, 13922.14277,
lat :, 3539.87015 , log :, 13922.14318,
lat :, 3539.87013 , log :, 13922.14363,
lat :, 3539.86924 , log :, 13922.14403,
lat :, 3539.86904 , log :, 13922.14446,
lat :, 3539.86874 , log :, 13922.14479,
lat :, 3539.86813 , log :, 13922.14528,
lat :, 3539.86770 , log :, 13922.14602,
lat :, 3539.86740 , log :, 13922.14643,
lat :, 3539.86653 , log :, 13922.14708,
lat :, 3539.86610 , log :, 13922.14786,
lat :, 3539.86598 , log :, 13922.14827,
lat :, 3539.86543 , log :, 13922.14866,
lat :, 3539.86479 , log :, 13922.14907,
lat :, 3539.86412 , log :, 13922.14963,
lat :, 3539.86267 , log :, 13922.14982,
lat :, 3539.86243 , log :, 13922.15009,
lat :, 3539.86170 , log :, 13922.15034,
lat :, 3539.86025 , log :, 13922.15032,
lat :, 3539.85892 , log :, 13922.15024,
lat :, 3539.85828 , log :, 13922.15062,
lat :, 3539.85750 , log :, 13922.15099,
lat :, 3539.85675 , log :, 13922.15109,
lat :, 3539.85554 , log :, 13922.15104,
lat :, 3539.85491 , log :, 13922.15140,
lat :, 3539.85400 , log :, 13922.15153,
lat :, 3539.85302 , log :, 13922.15171,
lat :, 3539.85226 , log :, 13922.15191,
lat :, 3539.85141 , log :, 13922.15214,
lat :, 3539.85079 , log :, 13922.15245,
lat :, 3539.85004 , log :, 13922.15281,
lat :, 3539.84973 , log :, 13922.15340,
lat :, 3539.84912 , log :, 13922.15393,
lat :, 3539.84824 , log :, 13922.15431,
lat :, 3539.84758 , log :, 13922.15463,
lat :, 3539.84672 , log :, 13922.15478,
lat :, 3539.84637 , log :, 13922.15505,
lat :, 3539.84594 , log :, 13922.15547,
lat :, 3539.84549 , log :, 13922.15603,
lat :, 3539.84514 , log :, 13922.15637,
lat :, 3539.84428 , log :, 13922.15661,
lat :, 3539.84361 , log :, 13922.15681,
lat :, 3539.84277 , log :, 13922.15736,
lat :, 3539.84209 , log :, 13922.15795,
lat :, 3539.84149 , log :, 13922.15861,
lat :, 3539.84073 , log :, 13922.15909,
lat :, 3539.84003 , log :, 13922.15948,
lat :, 3539.83947 , log :, 13922.15991,
lat :, 3539.83919 , log :, 13922.16047,
lat :, 3539.83891 , log :, 13922.16096,
lat :, 3539.83852 , log :, 13922.16160,
lat :, 3539.83799 , log :, 13922.16200,
lat :, 3539.83709 , log :, 13922.16210,
lat :, 3539.83675 , log :, 13922.16251,
lat :, 3539.83598 , log :, 13922.16326,
lat :, 3539.83420 , log :, 13922.16318,
lat :, 3539.83306 , log :, 13922.16329,
lat :, 3539.83222 , log :, 13922.16359,
lat :, 3539.83265 , log :, 13922.16419,
lat :, 3539.83319 , log :, 13922.16491,
lat :, 3539.83339 , log :, 13922.16565,
lat :, 3539.83422 , log :, 13922.16669,
lat :, 3539.83494 , log :, 13922.16733,
lat :, 3539.83552 , log :, 13922.16779,
lat :, 3539.83642 , log :, 13922.16825,
lat :, 3539.83720 , log :, 13922.16899,
lat :, 3539.83803 , log :, 13922.16901,
lat :, 3539.83858 , log :, 13922.16922,
lat :, 3539.83916 , log :, 13922.16967,
lat :, 3539.83999 , log :, 13922.17031,
lat :, 3539.84072 , log :, 13922.17093,
lat :, 3539.84125 , log :, 13922.17162,
lat :, 3539.84174 , log :, 13922.17217,
lat :, 3539.84234 , log :, 13922.17279,
lat :, 3539.84278 , log :, 13922.17363,
lat :, 3539.84321 , log :, 13922.17476,
lat :, 3539.84359 , log :, 13922.17523,
lat :, 3539.84396 , log :, 13922.17601,
lat :, 3539.84514 , log :, 13922.17721,
lat :, 3539.84636 , log :, 13922.17818,
lat :, 3539.84725 , log :, 13922.17909,
lat :, 3539.84818 , log :, 13922.18001,
lat :, 3539.84890 , log :, 13922.18095,
lat :, 3539.84942 , log :, 13922.18179,
lat :, 3539.84987 , log :, 13922.18268,
lat :, 3539.85043 , log :, 13922.18359,
lat :, 3539.85082 , log :, 13922.18415,
lat :, 3539.85115 , log :, 13922.18480,
lat :, 3539.85139 , log :, 13922.18546,
lat :, 3539.85158 , log :, 13922.18629,
lat :, 3539.85178 , log :, 13922.18677,
lat :, 3539.85189 , log :, 13922.18773,
lat :, 3539.85206 , log :, 13922.18896,
lat :, 3539.85230 , log :, 13922.19039,
lat :, 3539.85269 , log :, 13922.19099,
lat :, 3539.85280 , log :, 13922.19196,
lat :, 3539.85296 , log :, 13922.19283,
lat :, 3539.85309 , log :, 13922.19380,
lat :, 3539.85331 , log :, 13922.19549,
lat :, 3539.85346 , log :, 13922.19670,
lat :, 3539.85355 , log :, 13922.19815,
lat :, 3539.85362 , log :, 13922.19925,
lat :, 3539.85416 , log :, 13922.20047,
lat :, 3539.85439 , log :, 13922.20165,
lat :, 3539.85476 , log :, 13922.20262,
lat :, 3539.85501 , log :, 13922.20358,
lat :, 3539.85528 , log :, 13922.20487,
lat :, 3539.85566 , log :, 13922.20547,
lat :, 3539.85598 , log :, 13922.20627,
lat :, 3539.85653 , log :, 13922.20679,
lat :, 3539.85703 , log :, 13922.20732,
lat :, 3539.85754 , log :, 13922.20804,
lat :, 3539.85806 , log :, 13922.20863,
lat :, 3539.85857 , log :, 13922.20930,
lat :, 3539.85914 , log :, 13922.20998,
lat :, 3539.85964 , log :, 13922.21075,
lat :, 3539.86019 , log :, 13922.21116,
lat :, 3539.86052 , log :, 13922.21155,
lat :, 3539.86108 , log :, 13922.21218,
lat :, 3539.86112 , log :, 13922.21276,
lat :, 3539.86127 , log :, 13922.21346,
lat :, 3539.86130 , log :, 13922.21421,
lat :, 3539.86163 , log :, 13922.21488,
lat :, 3539.86175 , log :, 13922.21544,
lat :, 3539.86203 , log :, 13922.21636,
lat :, 3539.86191 , log :, 13922.21688,
lat :, 3539.86258 , log :, 13922.21757,
lat :, 3539.86285 , log :, 13922.21813,
lat :, 3539.86332 , log :, 13922.21864,
lat :, 3539.86376 , log :, 13922.21930,
lat :, 3539.86425 , log :, 13922.22017,
lat :, 3539.86478 , log :, 13922.22090,
lat :, 3539.86519 , log :, 13922.22153,
lat :, 3539.86555 , log :, 13922.22206,
lat :, 3539.86603 , log :, 13922.22242,
lat :, 3539.86624 , log :, 13922.22294,
lat :, 3539.86648 , log :, 13922.22336,
lat :, 3539.86700 , log :, 13922.22388,
lat :, 3539.86747 , log :, 13922.22447,
lat :, 3539.86803 , log :, 13922.22537,
lat :, 3539.86859 , log :, 13922.22620,
lat :, 3539.86924 , log :, 13922.22730,
lat :, 3539.86990 , log :, 13922.22811,
lat :, 3539.87044 , log :, 13922.22926,
lat :, 3539.87081 , log :, 13922.22971,
lat :, 3539.87115 , log :, 13922.23049,
lat :, 3539.87155 , log :, 13922.23179,
lat :, 3539.87204 , log :, 13922.23281,
lat :, 3539.87261 , log :, 13922.23376,
lat :, 3539.87310 , log :, 13922.23540,
lat :, 3539.87366 , log :, 13922.23618,
lat :, 3539.87396 , log :, 13922.23731,
lat :, 3539.87368 , log :, 13922.23832,
lat :, 3539.87358 , log :, 13922.23967,
lat :, 3539.87326 , log :, 13922.24126,
lat :, 3539.87306 , log :, 13922.24241,
lat :, 3539.87302 , log :, 13922.24333,
lat :, 3539.87306 , log :, 13922.24440,
lat :, 3539.87303 , log :, 13922.24559,
lat :, 3539.87259 , log :, 13922.24625,
lat :, 3539.87209 , log :, 13922.24710,
lat :, 3539.87187 , log :, 13922.24799,
lat :, 3539.87143 , log :, 13922.24933,
lat :, 3539.87114 , log :, 13922.25042,
lat :, 3539.87107 , log :, 13922.25158,
lat :, 3539.87055 , log :, 13922.25231,
lat :, 3539.87000 , log :, 13922.25294,
lat :, 3539.87008 , log :, 13922.25374,
lat :, 3539.86943 , log :, 13922.25417,
lat :, 3539.86888 , log :, 13922.25459,
lat :, 3539.86838 , log :, 13922.25515,
lat :, 3539.86766 , log :, 13922.25549,
lat :, 3539.86691 , log :, 13922.25588,
lat :, 3539.86620 , log :, 13922.25631,
lat :, 3539.86540 , log :, 13922.25667,
lat :, 3539.86448 , log :, 13922.25706,
lat :, 3539.86371 , log :, 13922.25752,
lat :, 3539.86282 , log :, 13922.25787,
lat :, 3539.86194 , log :, 13922.25829,
lat :, 3539.86113 , log :, 13922.25867,
lat :, 3539.86033 , log :, 13922.25922,
lat :, 3539.85961 , log :, 13922.25971,
lat :, 3539.85883 , log :, 13922.26012,
lat :, 3539.85801 , log :, 13922.26060,
lat :, 3539.85738 , log :, 13922.26123,
lat :, 3539.85717 , log :, 13922.26205,
lat :, 3539.85683 , log :, 13922.26276,
lat :, 3539.85665 , log :, 13922.26350,
lat :, 3539.85658 , log :, 13922.26450,
lat :, 3539.85637 , log :, 13922.26536,
lat :, 3539.85630 , log :, 13922.26628,
lat :, 3539.85593 , log :, 13922.26697,
lat :, 3539.85497 , log :, 13922.26698,
lat :, 3539.85452 , log :, 13922.26754,
lat :, 3539.85426 , log :, 13922.26837,
lat :, 3539.85386 , log :, 13922.26902,
lat :, 3539.85336 , log :, 13922.26969,
lat :, 3539.85303 , log :, 13922.27040,
lat :, 3539.85226 , log :, 13922.27089,
lat :, 3539.85170 , log :, 13922.27146,
lat :, 3539.85044 , log :, 13922.27140,
lat :, 3539.84955 , log :, 13922.27167,
lat :, 3539.84885 , log :, 13922.27203,
lat :, 3539.84790 , log :, 13922.27215,
lat :, 3539.84718 , log :, 13922.27254,
lat :, 3539.84672 , log :, 13922.27300,
lat :, 3539.84581 , log :, 13922.27316,
lat :, 3539.84489 , log :, 13922.27340,
lat :, 3539.84404 , log :, 13922.27371,
lat :, 3539.84259 , log :, 13922.27335,
lat :, 3539.84131 , log :, 13922.27311,
lat :, 3539.84046 , log :, 13922.27332,
lat :, 3539.83954 , log :, 13922.27323,
lat :, 3539.83873 , log :, 13922.27363,
lat :, 3539.83770 , log :, 13922.27405,
lat :, 3539.83678 , log :, 13922.27452,
lat :, 3539.83602 , log :, 13922.27470,
lat :, 3539.83557 , log :, 13922.27494,
lat :, 3539.83508 , log :, 13922.27517,
lat :, 3539.83516 , log :, 13922.27571,
lat :, 3539.83501 , log :, 13922.27608,
lat :, 3539.83476 , log :, 13922.27656,
lat :, 3539.83427 , log :, 13922.27724,
lat :, 3539.83366 , log :, 13922.27816,
lat :, 3539.83353 , log :, 13922.27909,
lat :, 3539.83320 , log :, 13922.27965,
lat :, 3539.83333 , log :, 13922.27952,
lat :, 3539.83348 , log :, 13922.27980,
lat :, 3539.83382 , log :, 13922.28032,
lat :, 3539.83401 , log :, 13922.28090,
lat :, 3539.83424 , log :, 13922.28149,
lat :, 3539.83424 , log :, 13922.28200,
lat :, 3539.83440 , log :, 13922.28269,
lat :, 3539.83465 , log :, 13922.28334,
lat :, 3539.83499 , log :, 13922.28404,
lat :, 3539.83531 , log :, 13922.28495,
lat :, 3539.83557 , log :, 13922.28573,
lat :, 3539.83545 , log :, 13922.28696,
lat :, 3539.83555 , log :, 13922.28792,
lat :, 3539.83571 , log :, 13922.28859,
lat :, 3539.83562 , log :, 13922.28916,
lat :, 3539.83642 , log :, 13922.28983,
lat :, 3539.83742 , log :, 13922.29024,
lat :, 3539.83747 , log :, 13922.29059,
lat :, 3539.83750 , log :, 13922.29081,
lat :, 3539.83732 , log :, 13922.29164,
lat :, 3539.83772 , log :, 13922.29238,
lat :, 3539.83755 , log :, 13922.29318,
lat :, 3539.83666 , log :, 13922.29418,
lat :, 3539.83640 , log :, 13922.29541,
lat :, 3539.83654 , log :, 13922.29624,
lat :, 3539.83699 , log :, 13922.29675,
lat :, 3539.83643 , log :, 13922.29758,
lat :, 3539.83623 , log :, 13922.29840,
lat :, 3539.83541 , log :, 13922.29876,
lat :, 3539.83553 , log :, 13922.29941,
lat :, 3539.83531 , log :, 13922.29977,
lat :, 3539.83620 , log :, 13922.29955,
lat :, 3539.83612 , log :, 13922.29980,
lat :, 3539.83559 , log :, 13922.30016,
lat :, 3539.83605 , log :, 13922.30041,
lat :, 3539.83432 , log :, 13922.30109,
lat :, 3539.83295 , log :, 13922.30128,
lat :, 3539.83214 , log :, 13922.30201,
lat :, 3539.83099 , log :, 13922.30247,
lat :, 3539.83023 , log :, 13922.30298,
lat :, 3539.82963 , log :, 13922.30367,
lat :, 3539.82893 , log :, 13922.30472,
lat :, 3539.82769 , log :, 13922.30520,
lat :, 3539.82661 , log :, 13922.30593,
lat :, 3539.82792 , log :, 13922.30717,
lat :, 3539.82876 , log :, 13922.30871,
lat :, 3539.82952 , log :, 13922.30990,
lat :, 3539.82908 , log :, 13922.31047,
lat :, 3539.82863 , log :, 13922.31107,
lat :, 3539.82849 , log :, 13922.31143,
lat :, 3539.82818 , log :, 13922.31114,
lat :, 3539.82675 , log :, 13922.31035,
lat :, 3539.82628 , log :, 13922.30927,
lat :, 3539.82594 , log :, 13922.30849,
lat :, 3539.82540 , log :, 13922.30741,
lat :, 3539.82494 , log :, 13922.30787,
lat :,  , log :, ,
lat :,  , log :, ,
lat :,  , log :, ,
lat :,  , log :, ,
lat :,  , log :, ,
lat :,  , log :, ,
lat :,  , log :, ,
lat :,  , log :, ,
lat :,  , log :, ,
lat :,  , log :, ,
lat :,  , log :, ,
lat :,  , log :, ,
lat :,  , log :, ,
lat :,  , log :, ,
lat :,  , log :, ,
lat :,  , log :, ,
lat :,  , log :, ,
lat :,  , log :, ,
lat :,  , log :, ,
lat :,  , log :, ,
lat :,  , log :, ,
lat :,  , log :, ,
lat :,  , log :, ,
lat :,  , log :, ,
lat :,  , log :, ,
lat :,  , log :, ,
lat :,  , log :, ,
lat :,  , log :, ,
lat :,  , log :, ,
lat :,  , log :, ,
lat :,  , log :, ,
lat :, 3539.78117 , log :, 13922.25378,
lat :, 3539.76793 , log :, 13922.25369,
lat :, 3539.76186 , log :, 13922.24833,
lat :,  , log :, ,
lat :,  , log :, ,
lat :,  , log :, ,
lat :,  , log :, ,
lat :,  , log :, ,
lat :,  , log :, ,
lat :,  , log :, ,
lat :,  , log :, ,
lat :, 3539.76145 , log :, 13922.24780,
lat :, 3539.76820 , log :, 13922.26527,
lat :,  , log :, ,
lat :,  , log :, ,
lat :,  , log :, ,
lat :, 3539.77271 , log :, 13922.25008,
lat :, 3539.76895 , log :, 13922.23909,
lat :,  , log :, ,
lat :,  , log :, ,
lat :,  , log :, ,
lat :,  , log :, ,
lat :,  , log :, ,
lat :,  , log :, ,
lat :,  , log :, ,
lat :,  , log :, ,
lat :, 3539.79636 , log :, 13922.24388,
lat :, 3539.80639 , log :, 13922.26174,
lat :, 3539.80901 , log :, 13922.27178,
lat :, 3539.80994 , log :, 13922.27904,
lat :, 3539.81077 , log :, 13922.28326,
lat :, 3539.81037 , log :, 13922.28616,
lat :, 3539.81028 , log :, 13922.28878,
lat :,  , log :, ,
lat :,  , log :, ,
lat :,  , log :, ,
lat :,  , log :, ,
lat :, 3539.79850 , log :, 13922.28397,
lat :, 3539.80305 , log :, 13922.28691,
lat :,  , log :, ,
lat :,  , log :, ,
lat :,  , log :, ,
lat :,  , log :, ,
lat :,  , log :, ,
lat :,  , log :, ,
lat :,  , log :, ,
lat :,  , log :, ,
lat :,  , log :, ,
lat :,  , log :, ,
lat :,  , log :, ,
lat :,  , log :, ,
lat :,  , log :, ,
lat :,  , log :, ,
lat :,  , log :, ,
lat :,  , log :, ,
lat :, 3539.82342 , log :, 13922.38151,
lat :, 3539.82330 , log :, 13922.38942,
lat :, 3539.82258 , log :, 13922.39574,
lat :, 3539.82360 , log :, 13922.39934,
lat :, 3539.82364 , log :, 13922.40147,
lat :, 3539.82502 , log :, 13922.38041,
lat :, 3539.82539 , log :, 13922.37302,
lat :, 3539.82548 , log :, 13922.37091,
lat :, 3539.82524 , log :, 13922.37357,
lat :, 3539.82542 , log :, 13922.37522,
lat :, 3539.82519 , log :, 13922.37561,
lat :, 3539.82478 , log :, 13922.36765,
lat :, 3539.82468 , log :, 13922.36095,
lat :, 3539.82452 , log :, 13922.36198,
lat :, 3539.82570 , log :, 13922.36309,
lat :, 3539.82520 , log :, 13922.36372,
lat :, 3539.82479 , log :, 13922.36394,
lat :, 3539.82483 , log :, 13922.36426,
lat :, 3539.82468 , log :, 13922.36417,
lat :, 3539.82480 , log :, 13922.36387,
lat :, 3539.82634 , log :, 13922.33727,
lat :, 3539.82646 , log :, 13922.32796,
lat :,  , log :, ,
lat :,  , log :, ,
lat :, 3539.82571 , log :, 13922.32675,
lat :, 3539.82570 , log :, 13922.32687,
lat :, 3539.82476 , log :, 13922.32270,
lat :, 3539.82425 , log :, 13922.31981,
lat :, 3539.82320 , log :, 13922.31663,
lat :, 3539.82201 , log :, 13922.31260,
lat :, 3539.82097 , log :, 13922.31067,
lat :, 3539.81930 , log :, 13922.30822,
lat :, 3539.81824 , log :, 13922.30661,
